--
-- Dumping data for table `cittadino`
--

INSERT INTO `cittadino` (`codice_fiscale`, `mail`, `sha_pwd`, `cognome`, `nome`) VALUES
('AQSWSV83C18J444Y', 'egestas@google.org', 'hnee45yjphvk6a0mqwpo5l4o1l3jjmzsxcohcuou9p0syquvmxmkefyd3t1y2gessztmrgvxwfeucequo3eh1hfdeokghlxm3p5c3buylnvqwayqrjw54m73h1k4c4gt', 'Buchanan', 'Marny'),
('BSMGDG31K13H552V', 'enim@icloud.org', 'mvjf16ksgdop3b1vbzhg2u7y7q8ciocrgoyrtckr4b5wbrxpyqawvnmz8f2v5gglzqmchmmszrsublrdv0jm3ffqrmfuidtc3t3y1krdearwtfbncyl74x39w3i9n1kc', 'Richards', 'Hasad'),
('CMODWL65Z50R668A', 'pellentesque.habitant@protonmail.com', 'drdf80kxkxjq5i7mkkre6s5u2q2hjfmjdyolyhzj4e5omvtrxhzxzgow7v2j3soidamorpuyejmkfyijs7uk5ymrblosbgjx6q1v9prpgdsniitrxcs37r50r4y1g7gr', 'Terry', 'Orlando'),
('CSSCWH15F30L113F', 'lacinia.mattis@hotmail.couk', 'lvaj86xzyvsc7y8cxucu7x0p4b8vbhuhllsqdblp2l5nekzeppunptoj9t4a4syuaernuqrepiodbsmrl2qm7zdkxnlyfndr3t0g8bgbvtfwxtxmqtb47x71w6e2g1yf', 'Riley', 'Keaton'),
('DYBMEW99Y89M680K', 'fames@icloud.couk', 'oqwy31sindko3i6oqbjg1h2u6h4ipdiqkswxjibe4t7wlrohquhcntsb7f8u7konppnqtereipcmfvcux5ok1ommlcrsjyuk8q1q1lxctgvgukhxnvf42h10h2v2r1px', 'Ballard', 'Steel'),
('ETGIKG66J20O457W', 'cras.convallis.convallis@outlook.couk', 'ncql62ckredv9t2cbhea3f1x5v7jxtmunkgjhmbb2n5iczyjdfjbhsbn0c4g3bsabwsbfaucqlejqcyds9fi3gfjjkbqmogt8c3x3yghimeokcnhsxw14u75k3w0c7wo', 'Kidd', 'Genevieve'),
('FDIGDP84B44K621T', 'cum.sociis.natoque@hotmail.com', 'tnxo74bkmgfw1k3ryrrc2h3r7a4lljwgylllbvdf7t7hwqtfnqdncfey7v3k3vwtsmicamjjixdjekwim6qv8itvciubccjg4z2m9cvbdrygrocygpw72d62e5d1s6bm', 'Pollard', 'Danielle'),
('FOFSRL75S14N622M', 'caio.mario@mail.com', 'vcnh83lxojki2h1ohpha1e7w2k1ffpgssngftnlv3k2kzbkjmrzlyjut8r2c6ovsqlfmzjuyfhbphmppy7ev4meructctkvy5v1w3jywbwnxdhsemwq77w70z9v3o7qt', 'Caio', 'Mario'),
('IAXOGC66W19F938S', 'jack.jack@mail.com', 'yqvb08metikj4c3nxllk5f6l6s8rdujmmksrlvrj2o5pniffmpffeiyk6u2l7crgrqyhlvmuuxvpkrkuw8ev5jfizpnkdumh1i9r8ryickwqjfgcxtm72z78b3t5r1ep', 'Jack', 'Jack'),
('JUCOMN59O23J516W', 'nullam.nisl@aol.couk', 'xylf37eivdjp7y6qqjyd4h1o2h8vunddibgpqmwe2q7xlopexyqbgfqo3y3w8fuiaelmikpvplutljkvn9bg1ufifqrobblv9k8i9iqjltdbngxvmkx36h51v7y7e7xs', 'Wiggins', 'MacKensie'),
('JZEUFL65I37B887C', 'in.condimentum.donec@protonmail.org', 'ijwn11yydmfc5z8zfope2f7c8i6uvftcxkmttlqt7g1cgvxxijjjtzoj8w6u6beuujdotmiwgfuvcgjxw8bk3tpaekrhbmle4w1k3kwqnyqvltpauci83f68a8e5r5iy', 'Chavez', 'Ginger'),
('LRPOSH07M67K939Y', 'scelerisque@aol.couk', 'kmyc14fqndot1p6cxtvg1r3y7q7ueitlvnzvgvyd7g0ufcsczlwmoiel3l5w9rykrlzkgqflwrswmvkgy5ld9lngqskkpdqu5t5i4vdznuvgkskgijq84c17p5c7q6kv', 'Keith', 'Brooke'),
('NBJBTC31J07J622S', 'lectus.sit@yahoo.ca', 'mpev48fwxtpf7j5rikch2n2k7j2upoxumoxgrbsk2z0kmuctrsgeputu4g6l5jqtcvunvrhvlvwqpyiag8li2iqhhvsimetg7c2k5vyvbelwsutttov92b27g6e9n9rk', 'Osborn', 'Orlando'),
('NQHMPV33P72H836A', 'porttitor.tellus@aol.edu', 'hvnf66ywcmnp1s7zrxmb3o7g5r4tcmaujwexuolb1x9uwzynljfsewyy7a1w5jipoohmuianlvqpdcpwo6eu3xutkudlqklr3x3u2irthrzfkwbdifx47x45d2t5h2tp', 'Rowland', 'Risa'),
('ONLFAN35P19O786N', 'Rossi.maria@mail.com', 'whwl28yuswvp2q0ebjuv9r3t2s6uyklyedcedesq1i0elnmnymjyrqhb3q3e3lbooxyqhbnstbqnelcsv7lx5hqgyxfjgved9c3u3pywilwaaviawkj98d60l8c8t3pt', 'Rossi', 'Maria'),
('OPVKPX20V21R228S', 'scelerisque@aol.com', 'zzkw77ittlbq5b5meprp8q2m5o9nrnhquumrkrxm6t1kjelselxxbhwi7x5m4sqxqbbdgowyrroktxvhu4hn1rbdwxvnfluh2h8i2sybzxxlcucrgmv54y52b1u2l5bl', 'Bentley', 'Alika'),
('QFXESJ74F35O283P', 'tizio.davide@mail.com', 'qrai19rdbcfo1p8aqmss4v5t8y3vwmolyxchogdi9o3jzsvvlvaotjfl2k4b2kozjudmelqlqumxvqgqo0pz5ifzjronyfgk7m8d1oyumhlnhhvutxw65j31m2p6v6rm', 'Tizio', 'Davide'),
('RTPEON82B16F975L', 'ante.ipsum@icloud.ca', 'htvp94klawuh7d6uxgvy7y1q9h3fempqilflzsds0m2xxmjdrugkcyuy2w0d2hkbdkzwhkqrpbcyollqo5od1uwcomoltpeh7l3h7nliymgmjlrcmrd42v09u4y8a5rj', 'Mcclain', 'Valentine'),
('RVKLXM85Z33Y387R', 'morbi.sit@hotmail.edu', 'flap44cyfbhc1p9krbwh6s2w6t5qoiyckmleivxl3q3sifnbwcmuztgh6v3k3klperfglqhdcirkoqugs4cp7hvmccxwctaf2e7k1stcjhxwjnvcrvf83b87j8h0h7vv', 'Banks', 'Hayes'),
('RXTVQV01L50O188G', 'arcu.aliquam@outlook.org', 'xxgq53hwbjft2i4tvivf7o6e8q3kemdwmnnkngqu8o9opnvyrwnflide2m3e5dmxvpsyynvteybfmijdx6co6nnhkttjqyfs2x9y6gpxqbtadimjorq15h57e6d8r8ix', 'Washington', 'Gay'),
('SGFZCJ72I65V573G', 'vel.nisl.quisque@hotmail.org', 'bsvk48jukqgr7u0sqwqf2k4x9y1sdypeqsdkdjle9r1uemeudevnbwbr1r4t9rgnrlwnruhaqvjjuitmx7ns8oxgxdptjiet3b9f3apjbocvtxloscv54f06c1r8t7lw', 'Sanchez', 'Magee'),
('SNNFSQ86P64I661A', 'adipiscing.elit.curabitur@aol.ca', 'gouj38qrnotm2j7eouhj8u4c2l8xyrheljpljjjh4k8qekxjbfjilnfd6d9t9rqytckuwffxyvymilawi0rs4vzilzdkbivs6y6e5gpizpvojabdfos28d22l1c2q2go', 'Whitfield', 'Wallace'),
('TCNKVR42P74W977G', 'egestas.rhoncus@aol.edu', 'pnzm52gicvcs6u8ohtit8y5s2r5ttnjljihbisbs2l2wptdvmykmkkva5w5k5kdmdmmfpswyhrokoojtx7bo3hruionzuerc8i0x4reccnkdkoehknl44i66f3f3g7hf', 'Cruz', 'Mercedes'),
('UCJSEV26Y30A642X', 'nec.mollis@icloud.edu', 'sxvc76jjbdsf4o1omejk6v8l8h3djnlifqrsscsq6k3golbbxwvwqxdj2e9t6umnuncphbxhgatruqeju7nd7geoclcjfffx3e1t4vunojqfogpfpws51t12h1a1o8ak', 'Levy', 'Zoe'),
('UGIYLY43S05O408K', 'consequat.purus@hotmail.net', 'rgho94fpmmyt1k5vbvio0e8i4j7gdpluuufiwhcn3s1yuhxzgmmugiel1n6e6miokmhkzvsnbnlbygpla2nx4inqnkfgeemy6f8y4xhpvvalmmeerux37d28c3f3l7aa', 'Spence', 'Cedric'),
('VXTOUP21T50A981F', 'rossi.mario@mail.com', 'lkjv68ylrlyw4b2bsbof4s9n6x5aetejfbzslqrg6p9pzymepdrcimww3v5k5pnoihqhdcbxumokdqsbv2ld8oijlmkxqyup4s5y1xtqlcdfgkgpmdg65p04d6x1i8wh', 'Rossi', 'Mario'),
('YIXIKB16H48U814B', 'pede.cum.sociis@protonmail.com', 'mdlt44dcxjky2p8neiqn4s2z8g6vettardyvdcla8d4coddkjkourjvj2m3p0boillkbcptjyphuabvwz5hv4imonijmsyep8v2b8eivvqnvtyzerwb82p91o8f5u4un', 'Lawrence', 'Beau'),
('YLWSJJ88D36D721V', 'velit@protonmail.net', 'fwbv38lqdlep7w2uhfmi0n3w3l5vyaydcivcctdy5w3ljsjjxywbqwqf5d5h1pbmrktelydjilfrmlenu3ai4ebzkllkihhj8s9s5giegmgqmdorwre45p32q7d8n7qc', 'Carpenter', 'Travis'),
('YXCELD65E42X534U', 'dui.semper@aol.net', 'monm77ycwdyt7e7xvchd6j2v4c4btqwlazimqhfb5l8jdwdkypgjljxc4j3s8wtbhcobayvoeektoqjrn0uk4yuwpkrwbodh7n2h6xenullydsdviyw83c61d3r2j8mo', 'French', 'Iona'),
('ZCBYWC64A22I817A', 'vulputate@yahoo.couk', 'eglk68zgfsfr9j4surjm4q3l8d3irxqwldctbgbx8s4ficavpgwdeloj2n6r5uiydztremlluyvswtnvs4wc4drmphwbmkpt8p9x1fsvljzwzorafur42w48w7p9b8rb', 'Hudson', 'Declan');

--
-- Dumping data for table `cluster`
--

INSERT INTO `cluster` (`codice`, `zona`) VALUES
(0, 'Zona 0'),
(1, 'Zona 1'),
(2, 'Zona 2'),
(3, 'Zona 3'),
(4, 'Zona 4'),
(5, 'Zona 5');

--
-- Dumping data for table `elemento`
--

INSERT INTO `elemento` (`id`, `descrizione`, `cap`, `via`, `civico`, `interno`, `tipo`, `cluster`, `cittadino`) VALUES
('A813007472135', 'Descrizione del elemento ', '32046', 'Via nome_via_5', 17, NULL, 'P', 0, NULL),
('C022098263513', 'Descrizione del elemento ', '32198', 'Via nome_via_10', 37, 9, 'U', 1, NULL),
('C376475483475', 'Descrizione del elemento ', '32060', 'Via nome_via_1', 5, NULL, 'P', 0, 'FOFSRL75S14N622M'),
('C697146728443', 'Descrizione del elemento ', '32273', 'Via nome_via_16', 31, NULL, 'U', 2, 'VXTOUP21T50A981F'),
('C753158113446', 'Descrizione del elemento ', '32214', 'Via nome_via_16', 39, NULL, 'U', 2, NULL),
('D518957829747', 'Descrizione del elemento ', '32048', 'Via nome_via_1', 7, 13, 'U', 0, 'IAXOGC66W19F938S'),
('D605274038085', 'Descrizione del elemento ', '32075', 'Via nome_via_4', 18, 19, 'U', 0, 'FOFSRL75S14N622M'),
('D619111812833', 'Descrizione del elemento ', '32146', 'Via nome_via_11', 26, NULL, 'P', 1, 'ONLFAN35P19O786N'),
('D662644082502', 'Descrizione del elemento ', '32141', 'Via nome_via_7', 34, 1, 'U', 1, NULL),
('D766587615624', 'Descrizione del elemento ', '32257', 'Via nome_via_16', 27, NULL, 'P', 2, 'VXTOUP21T50A981F'),
('E069878784186', 'Descrizione del elemento ', '32130', 'Via nome_via_8', 22, NULL, 'P', 1, 'QFXESJ74F35O283P'),
('E171821711751', 'Descrizione del elemento ', '32251', 'Via nome_via_14', 28, NULL, 'P', 2, NULL),
('E477612371444', 'Descrizione del elemento ', '32241', 'Via nome_via_12', 25, NULL, 'P', 2, NULL),
('E950243653837', 'Descrizione del elemento ', '32270', 'Via nome_via_12', 26, 5, 'U', 2, NULL),
('G143684441431', 'Descrizione del elemento ', '32151', 'Via nome_via_10', 39, NULL, 'P', 1, NULL),
('G262955622666', 'Descrizione del elemento ', '32143', 'Via nome_via_10', 21, NULL, 'P', 1, 'ONLFAN35P19O786N'),
('G296529944472', 'Descrizione del elemento ', '32004', 'Via nome_via_4', 5, NULL, 'P', 0, NULL),
('G433615723447', 'Descrizione del elemento ', '32177', 'Via nome_via_10', 39, NULL, 'P', 1, 'QFXESJ74F35O283P'),
('H763488645885', 'Descrizione del elemento ', '32038', 'Via nome_via_3', 15, NULL, 'P', 0, 'IAXOGC66W19F938S'),
('H836064934424', 'Descrizione del elemento ', '32021', 'Via nome_via_2', 16, NULL, 'P', 0, 'IAXOGC66W19F938S'),
('H857844812353', 'Descrizione del elemento ', '32266', 'Via nome_via_15', 38, NULL, 'P', 2, 'TCNKVR42P74W977G'),
('I013477511762', 'Descrizione del elemento ', '32018', 'Via nome_via_3', 1, NULL, 'P', 0, 'IAXOGC66W19F938S'),
('J012811727362', 'Descrizione del elemento ', '32168', 'Via nome_via_9', 22, 8, 'U', 1, 'QFXESJ74F35O283P'),
('J132746806945', 'Descrizione del elemento ', '32258', 'Via nome_via_12', 34, NULL, 'P', 2, NULL),
('K023458743483', 'Descrizione del elemento ', '32277', 'Via nome_via_16', 33, NULL, 'P', 2, 'VXTOUP21T50A981F'),
('K418118984599', 'Descrizione del elemento ', '32153', 'Via nome_via_8', 28, NULL, 'P', 1, 'ONLFAN35P19O786N'),
('K822413764214', 'Descrizione del elemento ', '32159', 'Via nome_via_10', 25, 4, 'U', 1, NULL),
('K985965557175', 'Descrizione del elemento ', '32010', 'Via nome_via_2', 8, NULL, 'P', 0, 'FOFSRL75S14N622M'),
('L276415686264', 'Descrizione del elemento ', '32242', 'Via nome_via_16', 21, 4, 'U', 2, NULL),
('L881761406312', 'Descrizione del elemento ', '32083', 'Via nome_via_1', 14, 6, 'U', 0, NULL),
('L944945137128', 'Descrizione del elemento ', '32058', 'Via nome_via_5', 1, NULL, 'P', 0, 'FOFSRL75S14N622M'),
('M191427719847', 'Descrizione del elemento ', '32074', 'Via nome_via_3', 13, NULL, 'P', 0, NULL),
('M384674867145', 'Descrizione del elemento ', '32042', 'Via nome_via_3', 14, 10, 'U', 0, NULL),
('M515115114367', 'Descrizione del elemento ', '32202', 'Via nome_via_14', 22, 7, 'U', 2, NULL),
('M545685737239', 'Descrizione del elemento ', '32259', 'Via nome_via_14', 23, NULL, 'P', 2, 'TCNKVR42P74W977G'),
('N069310213873', 'Descrizione del elemento ', '32142', 'Via nome_via_9', 37, NULL, 'P', 1, 'QFXESJ74F35O283P'),
('O247172634137', 'Descrizione del elemento ', '32245', 'Via nome_via_12', 32, NULL, 'P', 2, NULL),
('O328720153681', 'Descrizione del elemento ', '32241', 'Via nome_via_12', 36, NULL, 'P', 2, 'TCNKVR42P74W977G'),
('P572834361186', 'Descrizione del elemento ', '32125', 'Via nome_via_11', 20, 1, 'U', 1, 'ONLFAN35P19O786N'),
('P715565888052', 'Descrizione del elemento ', '32242', 'Via nome_via_12', 36, NULL, 'P', 2, NULL),
('P914813025732', 'Descrizione del elemento ', '32010', 'Via nome_via_5', 11, NULL, 'P', 0, NULL),
('Q237248196678', 'Descrizione del elemento ', '32267', 'Via nome_via_13', 37, 2, 'U', 2, NULL),
('Q392606715695', 'Descrizione del elemento ', '32102', 'Via nome_via_9', 37, 4, 'U', 1, NULL),
('Q784271383793', 'Descrizione del elemento ', '32183', 'Via nome_via_10', 37, NULL, 'P', 1, 'ONLFAN35P19O786N'),
('R346543513166', 'Descrizione del elemento ', '32134', 'Via nome_via_7', 26, 3, 'U', 1, NULL),
('R533971484605', 'Descrizione del elemento ', '32152', 'Via nome_via_11', 30, 1, 'U', 1, NULL),
('S109528151163', 'Descrizione del elemento ', '32034', 'Via nome_via_3', 4, 19, 'U', 0, NULL),
('T261749432732', 'Descrizione del elemento ', '32284', 'Via nome_via_14', 33, NULL, 'U', 2, NULL),
('T346339707628', 'Descrizione del elemento ', '32261', 'Via nome_via_13', 40, NULL, 'U', 2, 'TCNKVR42P74W977G'),
('T763686513316', 'Descrizione del elemento ', '32155', 'Via nome_via_8', 24, NULL, 'P', 1, 'QFXESJ74F35O283P'),
('U227641745507', 'Descrizione del elemento ', '32281', 'Via nome_via_12', 31, NULL, 'U', 2, NULL),
('U450505020202', 'Descrizione del elemento ', '32134', 'Via nome_via_10', 27, NULL, 'P', 1, NULL),
('V542649373846', 'Descrizione del elemento ', '32127', 'Via nome_via_10', 37, 3, 'U', 1, NULL),
('V951395266047', 'Descrizione del elemento ', '32135', 'Via nome_via_11', 31, 9, 'U', 1, NULL),
('Y285631498221', 'Descrizione del elemento ', '32278', 'Via nome_via_12', 31, 8, 'U', 2, NULL);

--
-- Dumping data for table `tariffa`
--

INSERT INTO `tariffa` (`fascia`, `dalle`, `alle`, `il`, `prezzo`) VALUES
('F0', '00:00:00', '00:00:00', 'h24', 0),
('F1 ', '08:00:01', '19:00:00', 'lun, mar, mer, gio, ven', 2),
('F2A', '07:00:01', '08:00:00', 'lun, mar, mer, gio, ven', 1.25),
('F2B', '19:00:01', '00:00:00', 'lun, mar, mer, gio, ven', 1.25),
('F2C', '07:00:01', '00:00:00', 'sab', 1.25),
('F3A', '00:00:01', '07:00:00', 'lun, mar, mer, gio, ven, sab', 0.75),
('F3B', '00:00:01', '24:00:00', 'dom', 0.75);

--
-- Dumping data for table `trasferimento`
--

INSERT INTO `trasferimento` (`id_produttore`, `id_utilizzatore`, `timestamp_iniziale`, `timestamp_finale`, `tariffa`, `quantita`) VALUES
('C376475483475', 'D518957829747', '2023-02-01 09:00:00', '2023-02-01 17:00:00', 'F1', 300),
('C376475483475', 'D518957829747', '2023-02-02 10:00:00', '2023-02-02 14:00:00', 'F1', 150),
('C376475483475', 'D518957829747', '2023-02-03 09:00:00', '2023-02-03 17:00:00', 'F1', 300),
('C376475483475', 'D518957829747', '2023-02-04 10:00:00', '2023-02-04 14:00:00', 'F1', 150),
('C376475483475', 'D605274038085', '2023-02-01 09:00:00', '2023-02-01 17:00:00', 'F0', 200),
('C376475483475', 'D605274038085', '2023-02-02 10:00:00', '2023-02-02 14:00:00', 'F0', 100),
('C376475483475', 'D605274038085', '2023-02-03 09:00:00', '2023-02-03 17:00:00', 'F0', 200),
('C376475483475', 'D605274038085', '2023-02-04 10:00:00', '2023-02-04 14:00:00', 'F0', 100),
('C376475483475', 'D605274038085', '2023-06-01 09:00:00', '2023-06-01 17:00:00', 'F0', 200),
('C376475483475', 'J012811727362', '2023-03-01 09:00:00', '2023-03-01 17:00:00', 'F2A', 500),
('C376475483475', 'J012811727362', '2023-03-02 10:00:00', '2023-03-02 14:00:00', 'F2B', 600),
('C376475483475', 'J012811727362', '2023-03-03 09:00:00', '2023-03-03 17:00:00', 'F2C', 800),
('C376475483475', 'J012811727362', '2023-03-04 10:00:00', '2023-03-04 14:00:00', 'F3B', 200),
('C376475483475', 'T346339707628', '2023-03-02 10:00:00', '2023-03-02 14:00:00', 'F2B', 500),
('D766587615624', 'C697146728443', '2023-02-01 09:00:00', '2023-02-01 17:00:00', 'F0', 500),
('D766587615624', 'C697146728443', '2023-02-03 09:00:00', '2023-02-03 17:00:00', 'F0', 60),
('D766587615624', 'D605274038085', '2023-03-01 01:00:00', '2023-03-01 15:00:00', 'F2A', 1000),
('D766587615624', 'D605274038085', '2023-03-03 09:00:00', '2023-03-03 17:00:00', 'F2C', 2000),
('D766587615624', 'T346339707628', '2023-03-01 09:00:00', '2023-03-01 17:00:00', 'F2A', 400),
('G262955622666', 'D605274038085', '2023-02-01 09:00:00', '2023-02-01 17:00:00', 'F1', 500),
('G262955622666', 'D605274038085', '2023-02-02 10:00:00', '2023-02-02 14:00:00', 'F1', 200),
('G262955622666', 'D605274038085', '2023-02-03 09:00:00', '2023-02-03 17:00:00', 'F1', 600),
('G262955622666', 'D605274038085', '2023-02-04 10:00:00', '2023-02-04 14:00:00', 'F1', 400),
('G262955622666', 'P572834361186', '2023-02-01 09:00:00', '2023-02-01 17:00:00', 'F0', 250),
('G262955622666', 'P572834361186', '2023-02-02 10:00:00', '2023-02-02 14:00:00', 'F0', 125),
('G262955622666', 'P572834361186', '2023-02-03 09:00:00', '2023-02-03 17:00:00', 'F0', 250),
('G262955622666', 'P572834361186', '2023-02-04 10:00:00', '2023-02-04 14:00:00', 'F0', 125),
('G262955622666', 'P572834361186', '2023-03-01 09:00:00', '2023-03-01 17:00:00', 'F2A', 400),
('G262955622666', 'P572834361186', '2023-03-02 10:00:00', '2023-03-02 14:00:00', 'F2B', 800),
('G262955622666', 'P572834361186', '2023-03-03 09:00:00', '2023-03-03 17:00:00', 'F2C', 6000),
('G262955622666', 'P572834361186', '2023-03-04 10:00:00', '2023-03-04 14:00:00', 'F3A', 900),
('G262955622666', 'P572834361186', '2023-06-05 00:00:00', '2023-06-06 00:00:00', 'F0', 200),
('H857844812353', 'C697146728443', '2023-03-01 09:00:00', '2023-03-01 17:00:00', 'F2A', 400),
('H857844812353', 'T346339707628', '2023-02-01 09:00:00', '2023-02-01 17:00:00', 'F0', 600),
('K023458743483', 'C697146728443', '2023-02-02 10:00:00', '2023-02-02 14:00:00', 'F0', 200),
('K023458743483', 'C697146728443', '2023-02-04 10:00:00', '2023-02-04 14:00:00', 'F0', 80),
('K023458743483', 'D605274038085', '2023-03-02 10:00:00', '2023-03-02 14:00:00', 'F2B', 1500),
('K023458743483', 'D605274038085', '2023-03-04 10:00:00', '2023-03-04 14:00:00', 'F3A', 600),
('M545685737239', 'C697146728443', '2023-03-02 10:00:00', '2023-03-02 14:00:00', 'F2B', 350),
('M545685737239', 'T346339707628', '2023-02-02 10:00:00', '2023-02-02 14:00:00', 'F0', 150),
('M545685737239', 'T346339707628', '2023-03-04 10:00:00', '2023-03-04 14:00:00', 'F3B', 600),
('O328720153681', 'C697146728443', '2023-03-03 09:00:00', '2023-03-03 17:00:00', 'F2C', 290),
('O328720153681', 'C697146728443', '2023-03-04 10:00:00', '2023-03-04 14:00:00', 'F3A', 800),
('O328720153681', 'T346339707628', '2023-02-03 09:00:00', '2023-02-03 17:00:00', 'F0', 150),
('O328720153681', 'T346339707628', '2023-02-04 10:00:00', '2023-02-04 14:00:00', 'F0', 200),
('Q784271383793', 'D518957829747', '2023-03-01 09:00:00', '2023-03-01 17:00:00', 'F2A', 500),
('Q784271383793', 'D518957829747', '2023-03-02 10:00:00', '2023-03-02 14:00:00', 'F2B', 800),
('Q784271383793', 'D518957829747', '2023-03-03 09:00:00', '2023-03-03 17:00:00', 'F2C', 900),
('Q784271383793', 'D518957829747', '2023-03-04 10:00:00', '2023-03-04 14:00:00', 'F3B', 700),
('Q784271383793', 'J012811727362', '2023-02-01 09:00:00', '2023-02-01 17:00:00', 'F1', 50),
('Q784271383793', 'J012811727362', '2023-02-02 10:00:00', '2023-02-02 14:00:00', 'F1', 25),
('Q784271383793', 'J012811727362', '2023-02-03 09:00:00', '2023-02-03 17:00:00', 'F1', 50),
('Q784271383793', 'J012811727362', '2023-02-04 10:00:00', '2023-02-04 14:00:00', 'F1', 25),
('Q784271383793', 'T346339707628', '2023-03-03 09:00:00', '2023-03-03 17:00:00', 'F2C', 700);
